codpro;descricao;m2;familia_id
2;VINIL ORACAL 651M - 000 - FOSCO;63;113
3;VINIL ORACAL 651G - 010;63;113
4;VINIL ORACAL 651G - 047;63;113
5;VINIL ORACAL 651G - 049;63;113
6;VINIL ORACAL 651G - 043;63;113
7;VINIL ORACAL 651G - 045;63;113
8;VINIL ORACAL 651G - 050;63;113
9;VINIL ORACAL 651G - 023;63;113
10;VINIL ORACAL 651G - 020;63;113
11;VINIL ORACAL 651G - 019;63;113
12;VINIL ORACAL 651G - 025;63;113
13;VINIL ORACAL 651G - 026;63;113
14;VINIL ORACAL 651G - 030;63;113
15;VINIL ORACAL 651G - 031;63;113
16;VINIL ORACAL 651G - 021;63;113
17;VINIL ORACAL 651G - 032;63;113
18;VINIL ORACAL 651G - 035;63;113
19;VINIL ORACAL 651G - 036;63;113
20;VINIL ORACAL 651G - 040;63;113
21;VINIL ORACAL 651G - 041;63;113
22;VINIL ORACAL 651G - 042;63;113
23;VINIL ORACAL 651G - 051;63;113
24;VINIL ORACAL 651G - 052;63;113
25;VINIL ORACAL 651G - 053;63;113
26;VINIL ORACAL 651G - 054;63;113
27;VINIL ORACAL 651G - 055;63;113
28;VINIL ORACAL 651G - 056;63;113
29;VINIL ORACAL 651G - 057;63;113
30;VINIL ORACAL 651G - 060;63;113
31;VINIL ORACAL 651G - 061;63;113
32;VINIL ORACAL 651G - 062;63;113
33;VINIL ORACAL 651G - 063;63;113
34;VINIL ORACAL 651G - 064;63;113
35;VINIL ORACAL 651G - 065;63;113
36;VINIL ORACAL 651G - 066;63;113
37;VINIL ORACAL 651G - 067;63;113
38;VINIL ORACAL 651G - 068;63;113
39;VINIL ORACAL 651G - 070;63;113
40;VINIL ORACAL 651G - 071;63;113
41;VINIL ORACAL 651G - 072;63;113
42;VINIL ORACAL 651G - 073;63;113
43;VINIL ORACAL 651G - 074;63;113
44;VINIL ORACAL 651G - 076;63;113
45;VINIL ORACAL 651G - 080;63;113
46;VINIL ORACAL 651G - 081;63;113
47;VINIL ORACAL 651G - 082;63;113
48;VINIL ORACAL 651G - 083;63;113
49;VINIL ORACAL 651G - 084;63;113
50;VINIL ORACAL 651G - 086;63;113
51;VINIL ORACAL 651G - 098;63;113
52;VINIL ORACAL 651G - 312;63;113
53;VINIL ORACAL 651G - 404;63;113
54;VINIL ORACAL 651G - 518;63;113
55;VINIL ORACAL 651G - 562;63;113
56;VINIL ORACAL 651G - 613;63;113
57;VINIL ORACAL 651G - 000;63;113
58;VINIL ORACAL 651M - 010 - FOSCO;63;113
59;VINIL ORACAL 651M - 021 - FOSCO;63;113
60;VINIL ORACAL 651M - 030 - FOSCO;63;113
61;VINIL ORACAL 651M - 031 - FOSCO;63;113
62;VINIL ORACAL 651M - 034 INATIVO;63;113
63;VINIL ORACAL 651M - 045 - FOSCO;63;113
64;VINIL ORACAL 651M - 070 - FOSCO;63;113
65;VINIL ORACAL 651M - 073 - FOSCO;63;113
66;VINIL ORACAL 651 034 - FORA DE LINHA;63;113
67;VINIL ORACAL 651G - 090;63;113
68;VINIL ORACAL 651G - 091;63;113
69;VINIL ORACAL 651G - 092;63;113
70;VINIL ORACAL 651M - 090 - FOSCO;63;113
71;VINIL ORACAL 975BR F933 1,52 X 50 TIN METAL;76;117
72;VINIL ORACAL 975CA F070 1,52 CAST PR CARBON F;76;117
73;VINIL ORACAL 975CO F090 1,52 X 50 SILVER GREY;76;117
74;VINIL ORACAL 975CR F070 1,52 X 50 BLACK;76;117
75;VINIL ORACAL 975DN F070 1,52 X 50 BLACK;76;117
76;VINIL ORACAL 651 0,63 010 BRANCO;31,5;114
77;VINIL ORACAL 651 0,63 019;31,5;114
78;VINIL ORACAL 651 0,63 055;31,5;114
79;VINIL ORACAL 651 0,63 021;31,5;114
80;VINIL ORACAL 651 0,63 022;31,5;114
81;VINIL ORACAL 651 0,63 023;31,5;114
82;VINIL ORACAL 651 0,63 025;31,5;114
83;VINIL ORACAL 651 0,63 026;31,5;114
84;VINIL ORACAL 651 0,63 030;31,5;114
85;VINIL ORACAL 651 0,63 031;31,5;114
86;VINIL ORACAL 651 0,63 032;31,5;114
87;VINIL ORACAL 651 0,63 034;31,5;114
88;VINIL ORACAL 651 0,63 035;31,5;114
89;VINIL ORACAL 651 0,63 036;31,5;114
90;VINIL ORACAL 651 0,63 040;31,5;114
91;VINIL ORACAL 651 0,63 041;31,5;114
92;VINIL ORACAL 651 0,63 042;31,5;114
93;VINIL ORACAL 651 0,63 043;31,5;114
94;VINIL ORACAL 651 0,63 045;31,5;114
95;VINIL ORACAL 651 0,63 047;31,5;114
96;VINIL ORACAL 651 0,63 049;31,5;114
97;VINIL ORACAL 651 0,63 050;31,5;114
98;VINIL ORACAL 651 0,63 051;31,5;114
99;VINIL ORACAL 651 0,63 052;31,5;114
100;VINIL ORACAL 651 0,63 053;31,5;114
101;VINIL ORACAL 651 0,63 054;31,5;114
102;VINIL ORACAL 651 0,63 056;31,5;114
103;VINIL ORACAL 651 0,63 057;31,5;114
104;VINIL ORACAL 651 0,63 060;31,5;114
105;VINIL ORACAL 651 0,63 061;31,5;114
106;VINIL ORACAL 651 0,63 062;31,5;114
107;VINIL ORACAL 651 0,63 063;31,5;114
108;VINIL ORACAL 651 0,63 064;31,5;114
109;VINIL ORACAL 651 0,63 065;31,5;114
110;VINIL ORACAL 651 0,63 066;31,5;114
111;VINIL ORACAL 651 0,63 067;31,5;114
112;VINIL ORACAL 651 0,63 068;31,5;114
113;VINIL ORACAL 651 0,63 070;31,5;114
114;VINIL ORACAL 651 0,63 071;31,5;114
115;VINIL ORACAL 651 0,63 072;31,5;114
116;VINIL ORACAL 651 0,63 073;31,5;114
117;VINIL ORACAL 651 0,63 074;31,5;114
118;VINIL ORACAL 651 0,63 076;31,5;114
119;VINIL ORACAL 651 0,63 080;31,5;114
120;VINIL ORACAL 651 0,63 081;31,5;114
121;VINIL ORACAL 651 0,63 082;31,5;114
122;VINIL ORACAL 651 0,63 083;31,5;114
123;VINIL ORACAL 651 0,63 084;31,5;114
124;VINIL ORACAL 651 0,63 086;31,5;114
125;VINIL ORACAL 651 0,63 098;31,5;114
126;VINIL ORACAL 651 0,63 312;31,5;114
127;VINIL ORACAL 651 0,63 404;31,5;114
128;VINIL ORACAL 651 0,63 518;31,5;114
129;VINIL ORACAL 651 0,63 562;31,5;114
130;VINIL ORACAL 651 0,63 613;31,5;114
131;VINIL ORACAL 651 0,63 090 SILVER GREY;31,5;114
132;VINIL ORACAL 651 0,63 091 GOLD;31,5;114
133;VINIL ORACAL 651 0,63 092 COPPER;31,5;114
134;VINIL ORACAL 751CG 093 ANTHRACITE;63;115
135;VINIL ORACAL 751CG 010 WHITE;63;115
136;VINIL ORACAL 751CG 031 RED;63;115
137;VINIL ORACAL 751CG 032 LIGHT RED;63;115
138;VINIL ORACAL 751CG 060 DARK GREEN;63;115
139;VINIL ORACAL 751CG 065 COBALT BLUE;63;115
140;VINIL ORACAL 751CG 070 BLACK;63;115
141;VINIL ORACAL 751 070 PRETO FOSCO;63;115
142;VINIL ORACAL 751CG 086 BRILLIANT BLUE;63;115
143;VINIL ORACAL 751CG 150 BRILLIANT BLUE L;63;115
144;VINIL ORAGUARD 215GDU 1,37 X 50 F000;68,5;131
145;VINIL ORAGUARD 290M TRANSP F000 1.30X50M;65;131
146;VINIL ORAJET 3164G 010 1,26 x 50m;63;130
147;VINIL ORAJET 3164G 010 1,37 x 50m;68,5;130
148;VINIL ORAJET 3164G 010 1,52 x 50m;76;130
149;VINIL ORAJET 3164 BRANCO 2,00 x 50;100;130
150;VINIL ORAJET 3164M 010 1,26 x 50m;63;130
151;VINIL ORAJET 3164M 010 1,37 x 50m;68,5;130
152;VINIL ORAJET 3164M 010 1,52 x 50m;76;130
153;VINIL ORAJET 3165G RA BRILHO 010 1, 52 x 50m;76;614
154;VINIL ORAJET 3174G 1,37 X 50 ECOLOGICO BRILHO;68,5;614
155;VINIL ORAJET 3551G F101 1,37 x 50m;68,5;613
156;VINIL ORAJET 3551GRA F101 1,52 x 50m;76;613
157;VINIL ORAJET 3641G 010 1,05 X 50M;52,5;130
158;VINIL ORAJET 3641G 010 1,26 X 50m;63;130
159;VINIL ORAJET 3641G 010 1,37 X 50m;68,5;130
160;VINIL ORAJET 3641G 010 1,52 X 50m;76;130
161;VINIL ORAJET 3641G 010 2.00 X 50m;100;130
162;VINIL ORAJET 3641M 010 2.00 X 50m;100;130
163;VINIL ORAJET 3641M 010 1,05 X 50m;52,5;130
164;VINIL ORAJET 3641M 010 1.26 X 50m;63;130
165;VINIL ORAJET 3641M 010 1.37 X 50m;68,5;130
166;VINIL ORAJET 3641M 010 1.52 X 50m;76;130
167;VINIL ORAJET 3651G 010 1,26 x 50m;63;613
168;VINIL ORAJET 3651G 010 1,37 x 50m;68,5;613
169;VINIL ORAJET 3651G 010 1,52 x 50m;76;613
170;VINIL ORAJET 3751G 000 1,37x50 TRANSP;68,5;612
171;VINIL ORAJET 3751G 010 1,37 X 50m;68,5;612
172;VINIL ORALITE 5510 010 - 1,235m;61,5;121
173;VINIL ORALITE 5600 010 1,37 x 50;68,5;121
174;VINIL ORACAL 970GRA 192 DEEP BLUE METAL;63;117
175;VINIL ORACAL 970G 197 METAL AZZURE;63;117
176;VINIL ORACAL 970GRA 677 METAL FIR TREE GREEN;63;117
177;VINIL ORACAL 970GRA 704 BLACK METAL;63;117
178;VINIL ORACAL 951M SILVER GREY;63;116
179;VINIL ORACAL 8300 030 1,26;63;118
180;VINIL ORACAL 8500 030;63;119
181;VINIL ORACAL 8500 021 1,26;63;119
182;VINIL ORACAL 8500 065;63;119
183;VINIL ORACAL 352/001/CROHM;63;111
184;VINIL ORACAL 352/907 - A€O ESCOVADO;63;111
185;VINIL ORACAL 638/010 DECORATION;63;112
186;VINIL ORACAL 638/030 DECORATION;63;112
187;VINIL ORACAL 638/041 DECORATION;63;112
188;VINIL ORACAL 638/043 DECORATION;63;112
189;VINIL ORACAL 638/060 DECORATION;63;112
190;VINIL ORACAL 638/072 DECORATION;63;112
191;VINIL ORACAL 638/090 DECORATION;63;112
192;VINIL ORACAL 638/091 DECORATION;63;112
193;VINIL ORACAL 638/425 DECORATION;63;112
194;MASCARA ORATAPE MT52 PAPEL F99 1,22M X 50M;61;120
195;MASCARA ORATAPE MT95 TRANSP F99 1,22M X 50M;61;120
197;VINIL ORAJET 3268 1,37M;68,5;614
198;VINIL ORAJET 3650G 1,37 x 50;68,5;613
514;ESPATULA PLASTICA ORAFOL CINZA;1;150
522;VINIL ORACAL 651G - 022;63;113
523;VINIL ORACAL 751CG 057 TRAFFIC BLUE;63;115
524;VINIL ORACAL 751CG 021 YELLOW;63;115
525;VINIL ORAJET 3640G 000 1,05 x 50m TRANSP;52,5;130
526;VINIL ORAJET 3640G 010 1,05 x 50m;52,5;130
527;VINIL ORAJET 3651M 010 1,52 x 50m;76;613
543;VINIL ORACAL 651 0,63 020;31,5;114
549;MASCARA ORATAPE MT52 PAPEL F99 0,61M X 50M;30,5;120
552;VINIL ORACAL 651 077;63;113
567;VINIL ORACAL 651M - 035 - FOSCO;63;113
568;VINIL ORACAL 651M - 056 - FOSCO;63;113
569;VINIL ORACAL 651 060 FOSCO INATIVO;63;113
570;VINIL ORACAL 751CG 219 YOLK YELLOW;63;115
571;VINIL ORACAL 751CG 216 TRAFFIC YELLOW;63;115
572;VINIL ORACAL 751CG 332 DEEP ORANGE;63;115
573;VINIL ORALITE 5600 035 1,22 x 50;61;121
574;VINIL ORALITE 5600 020 1,235 x 50;61,75;121
575;VINIL ORALITE 5600 050 1,22 x 50;61;121
576;VINIL ORALITE 5600 060 1,22 x 50;61;121
577;VINIL ORALITE 5510 020 - 1,235m;61,75;121
578;VINIL ORALITE 5510 035 - 1,235m;61,75;121
579;VINIL ORALITE 5510 030 - 1,235m;61,75;121
580;VINIL ORALITE 5510 060 - 1,235m;61,75;121
581;VINIL ORALITE 5510 050 - 1,235m;61,75;121
582;VINIL ORALITE 5500 070 - 1,235m;61,75;121
583;VINIL ORALITE 5600 030 1,22 x 50;61;121
584;VINIL ORAJET 3105G 010 1,37;68,5;614
585;VINIL ORALITE 5600 070 1,22 x 50;61;121
586;VINIL ORALITE 5600 091 1,22 x 50;61;121
587;VINIL ORAJET 3164XGRA 010 1,05 x 50m;52,5;130
588;VINIL ORAGUARD 270G 1,40;70;832
589;VINIL ORACAL 751CG 090 SILVER GREY;63;115
590;VINIL ORAJET 3751G F010 1,26 X 50 FORA LINHA;63;612
591;VINIL ORAGUARD 215G 1,30 X 50 F000;65;131
592;VINIL ORAJET 3164 BRANCO FOSCO 2,00;100;130
593;VINIL ORAJET 3751G 010 1,52 X 50m;76;612
594;VINIL ORAGUARD 215G 1,55 50 F000;76;131
595;VINIL ORAJET 3164G 000 1,26 X 50 TRANSP;63;130
596;VINIL ORAJET 3164M 010 1,05 x 50m;52,5;130
597;VINIL ORAGUARD 215G 1,37 x 50m;68,5;131
598;VINIL ORAJET 3164G 010 1,05 X 50m;52,5;130
599;VINIL ORACAL 970GRA 946 NACRE;63;117
600;VINIL ORACAL 975HC F070 1,52 X 50 BLACK;76;117
601;VINIL ORACAL 975EM F070 1,52 X 50 BLACK;76;117
626;VINIL ORACAL 638/042 DECORATION;63;112
627;VINIL ORACAL 1640G BRANCO 1,26;63;150
628;VINIL ORACAL 1640G BRANCO 1,4;70;150
629;VINIL ORACAL 640G TRANSPARENTE 1,26;63;150
630;VINIL ORACAL 640G BRANCO 1,26;63;150
631;VINIL ORACAL 640G PRETO 1,26;63;150
632;VINIL ORACAL 640G BRANCO 1,4;70;150
637;VINIL ORALITE 5600 010 1,235 x 50;61,75;121
638;VINIL ORALITE 5600 053 1,22 x 50;61;121
639;VINIL ORALITE 5600 364 1,22 x 50;61;121
640;VINIL ORACAL 970GRA 874 ORIENT BROWN METAL;63;117
641;VINIL ORACAL 1640G BRANCO 1,00;63;150
642;VINIL ORACAL 651M - 072 - FOSCO;63;113
666;VINIL ORALITE 5600 010 1,52 x 50;76;121
669;ESPATULA PLASTICA ORAFOL C/ FELTRO;1;150
677;CATALOGO;1;150
714;VINIL ORACAL 751CG 000 TRANSPARENT;63;115
715;VINIL ORACAL 751CG 051 GENTIAN BLUE;63;115
716;VINIL ORACAL 751CG 073 DARK GREY;63;115
717;VINIL ORACAL 751CG 661 LEAF GREEN;63;115
718;VINIL ORACAL 1640M BRANCO 1,26;63;150
719;VINIL ORACAL 970GRA 196 NIGHT BLUE METALLIC;63;117
721;MASCARA ORATAPE MT95 TRANSP F99 0,61M X 50M;30,5;120
734;VINIL REFLETIVO DURAPRINT 1,24 x 50m;62;829
735;VINIL ORACAL 970G 946 NACRE - PEROLA;63;117
739;VINIL ORACAL 751CG 074 MIDDLE GREY;63;115
740;VINIL ORACAL 751CG 058 ULTRAMARINE BLUE;63;115
741;VINIL ORALITE 5600 084 1,22 x 50;61;121
748;FITA ORABOND 1821K3 38mm x 50m;1;621
755;VINIL ORAJET 3751G 010 1,52 X 100;76;612
756;VINIL ORAJET 3551G F101 1,52 x 50m;76;613
757;VINIL ORALITE 5510 080 - 1,235m;61,75;121
758;VINIL ORAJET 3551G F101 1,05 x 50m;52,5;613
769;VINIL ORACAL 751CG 053 LIGHT BLUE;63;115
770;VINIL ORACAL 751CG 509 SEA BLUE;63;115
771;VINIL ORACAL 751CG 724 ICE GREY;63;115
772;VINIL ORAJET 3651G 000 1,37 x 50m TRANSP;68,5;613
782;VINIL ORACAL 7510 039 RED - 1,26x50;63;826
807;VINIL ORACAL 551 034;63;150
808;VINIL ORACAL 951 923;63;116
831;VINIL ORACAL 640M 1,26;63;150
832;VINIL ORACAL 8500 054;63;119
833;VINIL ORACAL 970GRA 028 CARDINAL RED;63;117
834;VINIL ORAJET 3640M TRANSPARENTE 1,52;76;130
835;VINIL ORAJET 3640G 000 1,26 x 50m TRANSP;63;130
842;VINIL ORALITE 5500 010 - 1,22 x 50m;61;121
843;VINIL ORALITE 5500 030 - 1,22 x 50m;61;121
849;VINIL ORACAL 970G 988 1,52 GREEN BLUE-SHIFT;76;117
850;VINIL ORACAL 970G 989 1,52 TURQ-LAV SHIFT;76;117
851;VINIL ORACAL 970G 990 1,52 AUBE-BRONZE SHIFT;76;117
852;VINIL ORACAL 970GRA 990 SHIFT BRONZE;63;117
853;VINIL ORACAL 8500 074;63;119
854;VINIL ORALITE 5650RA BRANCO 1,235;61,75;121
877;ORACAL 8500 PINK F041 TRANSL ALTA PERF. 1,26;63;119
878;VINIL ORACAL 751CG 068 GRASS GREEN;63;115
879;VINIL ORACAL 751CG 052 AZURE BLUE;63;115
880;VINIL ORACAL 751CG 050 DARK BLUE;63;115
881;VINIL ORACAL 751CG 034 ORANGE;63;115
889;VINIL ORACAL 751CG 064 YELLOW GREEN;63;115
890;VINIL ORACAL 751CG 617 EMERALD;63;115
891;VINIL ORACAL 8300 F021 - 0,378;18,9;118
892;VINIL ORACAL 8300 F030 - 0,378;18,9;118
893;VINIL ORACAL 8300 F073 - 0,378;18,9;118
894;VINIL ORACAL 8300 F074 - 0,378;18,9;118
901;VINIL ORACAL 751CG 713 IRON GREY;63;115
919;VINIL ORACAL 970GRA 315 PEARL SYMPHONY-SHIFT;63;117
920;VINIL ORACAL 970GRA 316 AMETHYST - SHIFT;63;117
921;VINIL ORACAL 970GRA 317 AVOCADO - SHIFT;63;117
922;VINIL ORACAL 970GRA 318 AQUAMARINE - SHIFT;63;117
923;VINIL ORACAL 970GRA 319 ULTRAMARVIOLET SHIFT;63;117
924;VINIL ORACAL 8500 041;63;119
925;VINIL ORAGUARD 293G 1,55 X 50 H800;77,5;131
957;VINIL ORAJET 3640G 000 1,52 x 50m TRANSP;76;130
967;VINIL ORACAL 975BR 932 GRAPHITE METALLIC;63;117
968;FITA ORABOND 3331TG 12mm x 50m;1;621
969;FITA ORABOND 1397PP 12mm x 50m;1;621
970;FITA ORABOND 1397TR 12mm x 50m;1;621
971;FITA ORABOND 1812TM 12mm x 50m;1;621
972;FITA ORABOND 1395TM 12mm x 50m;1;621
973;VINIL ORACAL 970M 223 SAFRAN YELLOW FOSCO;63;117
974;VINIL ORAJET 3640G 010 BRANCO 1,26 X 50;63;130
975;VINIL ORAJET 3640G 010 BRANCO 1,37 X 50;68,5;130
976;VINIL ORACAL 970G 070 BLACK;63;117
982;VINIL ORACAL 970SM 070 - PRETO SUPER FOSCO;63;117
1000;VINIL ORACAL/ 651 FOSCO 000 TRANSP;63;113
1001;VINIL ORACAL/ 651 FOSCO 010 BRANCO;63;113
1002;VINIL ORACAL/ 651 FOSCO 070;63;113
1003;VINIL ORACAL/ 651 FOSCO 072;63;113
1004;VINIL ORACAL/ 651 FOSCO 073;63;113
1005;VINIL ORACAL/651/000 TRANSP;63;113
1006;VINIL ORACAL/651/010 BRANCO;63;113
1007;VINIL ORACAL/651/019;63;113
1008;VINIL ORACAL/651/022;63;113
1009;VINIL ORACAL/651/023;63;113
1010;VINIL ORACAL/651/025;63;113
1011;VINIL ORACAL/651/030;63;113
1012;VINIL ORACAL/651/026;63;113
1013;VINIL ORACAL/651/031;63;113
1014;VINIL ORACAL/651/032;63;113
1015;VINIL ORACAL/651/034;63;113
1016;VINIL ORACAL/651/035;63;113
1017;VINIL ORACAL/651/036;63;113
1018;VINIL ORACAL/651/040;63;113
1019;VINIL ORACAL/651/041;63;113
1020;VINIL ORACAL/651/042;63;113
1021;VINIL ORACAL/651/043;63;113
1022;VINIL ORACAL/651/045;63;113
1023;VINIL ORACAL/651/047;63;113
1024;VINIL ORACAL/651/049;63;113
1025;VINIL ORACAL/651/050;63;113
1026;VINIL ORACAL/651/051;63;113
1027;VINIL ORACAL/651/053;63;113
1028;VINIL ORACAL/651/054;63;113
1029;VINIL ORACAL/651/055;63;113
1030;VINIL ORACAL/651/056;63;113
1031;VINIL ORACAL/651/057;63;113
1032;VINIL ORACAL/651/060;63;113
1033;VINIL ORACAL/651/061;63;113
1034;VINIL ORACAL/651/062;63;113
1035;VINIL ORACAL/651/063;63;113
1036;VINIL ORACAL/651/064;63;113
1037;VINIL ORACAL/651/065 2;63;113
1038;VINIL ORACAL/651/066;63;113
1039;VINIL ORACAL/651/067;63;113
1040;VINIL ORACAL/651/068;63;113
1041;VINIL ORACAL/651/070;63;113
1042;VINIL ORACAL/651/071;63;113
1043;VINIL ORACAL/651/072;63;113
1044;VINIL ORACAL/651/073;63;113
1045;VINIL ORACAL/651/074;63;113
1046;VINIL ORACAL/651/076;63;113
1047;VINIL ORACAL/651/080;63;113
1048;VINIL ORACAL/651/081;63;113
1049;VINIL ORACAL/651/082;63;113
1050;VINIL ORACAL/651/083;63;113
1051;VINIL ORACAL/651/084;63;113
1052;VINIL ORACAL/651/086;63;113
1053;VINIL ORACAL/651/098;63;113
1054;VINIL ORACAL/651/312;63;113
1055;VINIL ORACAL/651/404;63;113
1056;VINIL ORACAL/651/518;63;113
1057;VINIL ORACAL/651/562;63;113
1058;VINIL ORACAL/651/613;63;113
1059;VINIL ORACAL/651/091 GOLD;63;113
1060;VINIL ORACAL/651/092 COPPER;63;113
1061;VINIL ORACAL/651/021;63;113
1062;VINIL ORACAL/651/052;63;113
1063;VINIL ORAJET 3164 BRANCO 1,26 x 50;63;130
1064;VINIL ORAJET 3164 BRANCO 1,37 x 50;68,5;130
1065;VINIL ORAJET 3164 BRANCO 1,52 x 50;76;130
1066;VINIL ORAJET 3164 BRANCO 2,00 x 50;100;130
1067;VINIL ORAJET 3164 BRANCO FOSCO 1,26;63;130
1068;VINIL ORAJET 3164 BRANCO FOSCO 1,37;68,5;130
1069;VINIL ORAJET 3164 BRANCO FOSCO 1,52;76;130
1070;VINIL ORACAL/651/090 SILVER GREY;63;113
1074;VINIL ORACAL 751CG 517 EURO BLUE;63;115
1075;VINIL ORACAL 6510 039 RED - 1,26x50;63;826
1076;VINIL ORACAL 8810 090;63;150
1094;VINIL ORACAL 8500 007;63;119
1100;VINIL ORACAL 970G 107 GLITTER COSMETIC PINK;63;117
1101;FITA ORABOND 1812TM 25mm x 50m;1;621
1102;FITA ORABOND 3331TG 25mm x 50m;1;621
1103;FITA ORABOND 1397PP 25mm x 50m;1;621
1104;FITA ORABOND 1397TR 25mm x 50m;1;621
1121;VINIL ORACAL 970G 100 SUNSET SHIFT 1,52;76;117
1122;VINIL ORACAL 970G 317 AVOCADO - SHIFT;63;117
1123;FITA ORABOND 1815TM 12mm x 50m;1;621
1124;FITA ORABOND 1815TM 19mm x 50m;1;621
1125;VINIL ORACAL 6510 029 YELLOW - 1,26x50;63;826
1135;VINIL DURATA LUNGA 1,06x50m BR BRILHO 80MIC;53;829
1136;VINIL DURATA LUNGA 1,27x50m BR BRILHO 80MIC;63,5;829
1137;VINIL DURATA LUNGA 1,37x50m BR BRILHO 80MIC;68,5;829
1138;VINIL DURATA LUNGA 1,52x50m BR BRILHO 80MIC;76;829
1139;VINIL DURATA LUNGA 1,06x50m BR FOSCO 80MIC;53;829
1140;VINIL DURATA LUNGA 1,27x50m BR FOSCO 80MIC;63,5;829
1141;VINIL DURATA LUNGA 1,37x50m BR FOSCO 80MIC;68,5;829
1142;VINIL DURATA LUNGA 1,52x50m BR FOSCO 80MIC;76;829
1143;VINIL DURATA GETTO 1,06x50m BR BRILHO 100MIC;53;829
1144;VINIL DURATA GETTO 1,27x50m BR BRILHO 100MIC;63,5;829
1145;VINIL DURATA GETTO 1,37x50m BR BRILHO 100MIC;68,5;829
1146;VINIL DURATA GETTO 1,52x50m BR BRILHO 100MIC;76;829
1147;VINIL DURATA GETTO 1,06x50m BR FOSCO 100MIC;53;829
1148;VINIL DURATA GETTO 1,27x50m BR FOSCO 100MIC;63,5;829
1149;VINIL DURATA GETTO 1,37x50m BR FOSCO 100MIC;68,5;829
1150;VINIL DURATA GETTO 1,52x50m BR FOSCO 100MIC;76;829
1151;VINIL DURAPRINT PERFURADO 1,37x50m;68,5;829
1152;VINIL DURATA BLOCKOUT 1,37x50m FOSCO;68,5;829
1153;VINIL DURATA ECONOMICO 1,06m;53;829
1154;VINIL DURATA BLOCKOUT 1,37x50m BRILHO;68,5;829
1168;VINIL ORACAL 970G 935 GREY CAST IRON 1,52;76;117
1170;VINIL ORACAL 970M 932 GRAPHITE METALLIC 1,52;76;117
1171;VINIL ORACAL 651M - 060 - FOSCO;63;113
1189;VINIL ORACAL 970G 905 BLACK GALACTIC GOLD;63;117
1190;VINIL ORAJET 3620G TRANSP 1,37x50m;68,5;130
1191;VINIL ORAJET 3620G BRANCO 1,37x50m;68,5;130
1205;VINIL ORACAL 970G 155 INTERG BLUE 1,52;76;117
1206;VINIL ORACAL 970G 300 MANDARIN 1,52;76;117
1207;VINIL ORACAL 970GRA 300 MANDARIN 1,52;76;117
1208;VINIL ORAJET 3164GHT 010 1,37 x 50m;68,5;130
1209;VINIL ORAJET 3951G 010 1,52;76;614
1210;VINIL ORAJET 3106SG BRANCO 1,37;68,5;614
1211;VINIL ORACAL 8300 073 - 630mm;31,5;118
1212;VINIL ORACAL 970G 318 AQUAMARINE - SHIFT;63;117
1213;VINIL ORACAL 970G 319 ULTRAMARVIOLET SHIFT;63;117
1219;VINIL ORAGUARD 283G 1,52;76;832
1232;VINIL ORAGUARD 270G 1,52;76;832
1233;VINIL ORAJET 3651M 000 1,37 x 50m TRANSP;68,5;613
1234;VINIL DURATA BUBBLE FREE 1,27x50m BRILHO;63,5;829
1235;VINIL DURATA BUBBLE FREE 1,52x50m BRILHO;76;829
1236;VINIL DURATA ESTREMA 1,27x50m BRILHO;63,5;829
1237;VINIL DURATA ESTREMA 1,52x50m BRILHO;76;829
1238;VINIL DURATA LUNGA TRANSP. BRILHO 1,27x50m;63,5;829
1239;VINIL DURATA LUNGA TRANSP. BRILHO 1,52x50m;76;829
1250;CLEANING AND CARE KIT - GLOSSY SURFACES;1;150
1253;ESPATULA PLASTICA ORAFOL GOLD;1;150
1254;CATALOGO LEQUE 970;1;150
1255;CATALOGO LEQUE 651;1;150
1256;VINIL ORACAL 970G 192 1,52 DEEP BLUE METAL;76;117
1257;AMOSTRA VINIL;63;613
1264;VINIL ORACAL 751CG 043 LAVENDER;63;115
1271;VINIL ORACAL 8100 031 1,26 x 50m;63;118
1272;MASCARA ORASMASK 813 1,26 x 50m;63;120
1273;MASCARA ORASMASK 813 1,00 x 50m;50;120
1274;VINIL ORACAL 751CG 930 GOLD L;63;115
1275;VINIL ORAJET 3164G 000 1,37 x 50 TRANSP;68,5;130
1276;VINIL ORAJET 3651G 000 1,52 x 50m TRANSP;76;613
1277;MASCARA RTAPE 4050 RLA 1,22 X 91,40m;61;831
1280;VINIL ORAGUARD 210G 1,37 X 50 F000;68,5;131
1281;FITA ORABOND UHB03050T 12mm x 33m;1;621
1282;FITA ORABOND UHB03064W 12mm x 33m;1;621
1283;FITA ORABOND UHB03100T 12mm x 33m;1;621
1284;FITA ORABOND UHB03110W 12mm x 33m;1;621
1285;VINIL ORACAL 970GRA 963 JETSTREAM BLUE;63;117
1286;MASCARA ORATAPE HT95 TRANSP F99 1,22M X 50M;61;120
1287;MASCARA ORATAPE MT72 PAPEL F99 1,22M X 50M;61;120
1296;VINIL ORAJET 3651G 000 1,05 x 50m TRANSP;52,5;613
1297;VINIL ORAJET 3591GRA F101 BRILHO 1,37 X 50M;68,5;613
1298;VINIL ORACAL 751CG 591 BLUE MIDNIGHT;63;115
1299;MASCARA ORASMASK 810 1,26 x 50m;63;120
1301;VINIL ORACAL 551 701 DEEP BLACK GLOSSY;63;150
1302;VINIL ORACAL 352/003 GOLD;63;111
1303;VINIL ORACAL 970GRA 961 LUSCIOUS LIPS;63;117
1304;VINIL ORAGUARD 210M 1,37 X 50 F000;68,5;131
1305;VINIL ORAJET 3651G RA BRANCO 1,37m X 50m;68,5;613
1306;VINIL ORACAL 970M 368 DARK RED METAL 1,52;76;117
1307;VINIL ORACAL 751CG 608 PETROL;63;115
1311;VINIL ORAGUARD 270F 1,52;76;832
1312;VINIL ORAJET 3651G 010 1,26 x 25m;63;613
1315;VINIL ORACAL 751CG 056 ICE BLUE;63;115
1316;FITA ORABOND 1808 1250mm;1;621
1317;FITA ORABOND 1397PP 1m x 50m;1;621
1331;VINIL ORACAL 8500 010;63;119
1332;VINIL ORACAL 8500 021;63;119
1333;VINIL ORACAL 8500 034;63;119
1334;VINIL ORACAL 8500 051;63;119
1335;VINIL ORACAL 8500 068;63;119
1336;VINIL ORACAL 8500 207;63;119
1337;VINIL ORALITE 5650RA BRANCO 1,52 x 50m;76;121
1338;VINIL ORAGUARD 215M 1,37 x 50m;68,5;131
1340;VINIL ORALITE 5600RA BRANCO 1,235 x 50m;61,75;121
1341;VINIL PERFURADO INFLEX IO2300C 1,27m;63,5;829
1342;VINIL PERFURADO INFLEX IO2300C 1,37x50m;68,5;829
1343;CATALOGO A4 - ORACAL 651G;1;150
1344;VINIL ORAJET 3640M BRANCO 1,52;76;130
1345;FITA ORABOND 1345 1 x 50m;1;621
1348;VINIL ORALITE 5650RA 020 AMARELO 1,235 x 50m;61,75;121
1349;VINIL ORALITE 5650RA 030 VERMELHO 1,235 x 50m;61,75;121
1350;VINIL ORALITE 5650RA 070 PRETO 1,235 x 50m;61,75;121
1351;VINIL ORALITE 5650RA 091 GOLD 1,235 x 50m;61,75;121
1352;VINIL ORAGUARD 293F 1,55 X 50 H800;77,5;131
1353;CATALOGO A4 - ORACAL 651M;1;150
1357;VINIL ORACAL 970G 010 WHITE;63;117
1358;CATALOGO A4 - ORACAL 751G;1;150
1359;CATALOGO A4 - ORACAL 970;1;150
1360;CATALOGO A4 - ORACAL 8100;1;150
1361;CATALOGO A4 - ORACAL 8300;1;150
1362;CATALOGO A4 - ORACAL 8500;1;150
1363;CATALOGO A4 - ORACAL 8800;1;150
1365;VINIL ORACAL 751CG 049 KING BLUE;63;115
1366;VINIL ORAJET 3165G RA BRILHO 010 1,37 x 50m;68,5;614
1367;CATALOGO A4 - ORABOND UHB;1;150
1368;VINIL ORACAL 8500 090;63;119
1371;VINIL ORACAL 8500 020;63;119
1372;VINIL ORAGUARD 280G 1,52;76;832
1373;VINIL ORALITE 5650RA 035 LARANJA 1,235 x 50m;61,75;121
1374;VINIL ORALITE 5650RA 050 AZUL 1,235 x 50m;61,75;121
1375;VINIL ORACAL 8500 031;63;119
1376;VINIL ORACAL 8500 060;63;119
1377;VINIL ORAJET 3551GRA F101 1,37 x 50m;68,5;613
1378;VINIL ORACAL 751CG 071 GREY;63;115
1379;VINIL ORACAL 751CG 076 TELEGREY;63;115
1380;MASCARA RTAPE 4050 RLA 1,37 X 91,40m;125,22;831
1381;MASCARA RTAPE 4050 RLA 1,524 X 91,40m;139,29;831
1382;MASCARA RTAPE 4761 RLA 1,22 X 91,40m;111,51;831
1383;MASCARA RTAPE 4760 1,37 X 91,40m;125,22;831
1384;VINIL ORAJET 3951G 090 1,52;76;614
1386;VINIL ORACAL 6510 039 RED - 1,22x50;61;826
1387;VINIL DURAPRINT PERFURADO 1,06x50m;53;829
1388;VINIL ORACAL 641M - 518;63;150
1391;KIT DE APLICACAO DE PRIMER,;1;150
1392;VINIL ORACAL 6510 069 GREEN FLUOR - 1,26x50;63;826
1393;VINIL ORACAL 631M 072;63;150
1398;VINIL ORACAL 6510 037 ORANGE FLUOR - 1,26x50;63;826
1399;VINIL ORACAL 6510 046 PINK FLUOR - 1,26x50;63;826
1400;VINIL ORAJET 3620G BRANCO 1,52x50m;76;130
1404;MASCARA ORATAPE MT82 PAPEL F99;63;120
1405;VINIL ORALITE 5650RA 060 VERDE 1,235 x 50m;61,75;121
1407;VINIL ORACAL 651M - 074 - FOSCO;63;113
1408;VINIL ORAGUARD 283GF 1,52;76;832
1409;VINIL ORAJET 1902 1,27 x 20m;63,5;120
1437;VINIL ORAGUARD 215G 1,05 x 50m;52,5;131
1438;VINIL ORACAL 751CG 211 SUN YELLOW;63;115
1440;VINIL ORACAL 8500 040;63;119
1441;VINIL ORACAL 8500 049;63;119
1442;CATALOGO A4 - ORACAL 6510/7510;1;150
1445;VINIL ORACAL 970GRA 197 METAL AZZURE;63;117
1446;VINIL ORACAL 970GRA 937 CHARCOAL METAL;63;117
1451;VINIL ORACAL 751CG 619 TRAFFIC GREEN;63;115
1452;VINIL ORAJET 3640G 010 BRANCO 1,52 X 50;63;130
1457;VINIL ORAGUARD 280GF 1,52;76;832
1458;CATALOGO LEQUE 751;1;150
1459;VINIL ORAGUARD 2815GF 1,52;76;832
1460;VINIL ORAJET 3640M TRANSPARENTE 1,37;68,5;130
1466;VINIL ORACAL 970G 076 TELEGREY;63;117
1467;VINIL ORACAL 970GRA 406 VIOLET METTALIC;63;117
1468;VINIL ORACAL 970M 070 - PRETO FOSCO;63;117
1469;VINIL ORACAL 970M 196 NIGHT BLUE METAL;63;117
1470;VINIL ORACAL 970M 285 NATO OLIVE;63;117
1471;VINIL ORACAL 970GRA 959 TANGERINE DREAM;63;117
1472;VINIL ORACAL 751CG 061 GREEN;63;115
1473;VINIL ORACAL 751CG 019 SIGNAL YELLOW;63;115
1474;VINIL ORACAL 8500 330;63;119
1475;VINIL ORACAL 8300 020 1,26;63;118
1476;VINIL ORACAL 8300 025 1,26;63;118
1477;VINIL ORACAL 8300 032 1,26;63;118
1478;VINIL ORACAL 8300 052 1,26;63;118
1479;VINIL ORACAL 8300 077 1,26;63;118
1480;VINIL ORACAL 8300 021 - 630mm;31,5;118
1481;VINIL ORACAL 8300 031 - 630mm;31,5;118
1482;VINIL ORACAL 8300 074 - 630mm;31,5;118
1483;FITA ORABOND 1375 1,22 x 50m;61;621
1484;VINIL ORACAL 751CG 209 MAIZE YELLOW;63;115
1485;VINIL ORACAL 751CG 325 MIDDLE RED;63;115
1486;VINIL ORACAL 751CG 027 TOMATO RED;63;115
1487;VINIL ORACAL 751CG 047 ORANGE RED;63;115
1488;VINIL ORACAL 751CG 048 BORDEAUX;63;115
1489;VINIL ORACAL 751CG 532 BLACK BLUE;63;115
1490;VINIL ORACAL 751CG 518 STEEL BLUE;63;115
1491;VINIL ORACAL 751CG 537 DEEP BLUE;63;115
1492;VINIL ORACAL 751CG 918 NICKEL;63;115
1493;VINIL ORACAL 751CG 555 GLACIER BLUE;63;115
1494;VINIL ORACAL 751CG 054 TURQUOISE;63;115
1495;VINIL ORACAL 751CG 720 KOMATSU GREY;63;115
1496;VINIL ORACAL 751CG 020 GOLDEN YELLOW;63;115
1497;VINIL ORACAL 751CG 507 CAPRI BLUE;63;115
1498;VINIL ORACAL 651M - 057 - FOSCO;63;113
1499;VINIL ORACAL 651M - 071 - FOSCO;63;113
1500;VINIL ORACAL 651M - 092 - FOSCO;63;113
1501;VINIL ORACAL 651M - 032 - FOSCO;63;113
1502;VINIL ORACAL 651M - 091 - FOSCO;63;113
1503;VINIL ORACAL 8300 025 - 630mm;31,5;118
1504;VINIL ORACAL 6510 357 ORANGE RED FL - 1,26x50;63;826
1505;VINIL ORACAL 6510 038 RED ORANGE FL - 1,26x50;63;826
1507;VINIL ORACAL 751CG 549 DOVE BLUE;63;115
1508;VINIL ORACAL 970MRA 937 CHARCOAL METAL;63;117
1509;VINIL ORACAL 970M F197 METAL AZZURE;63;117
1510;VINIL ORACAL 970MRA 100 SUNSET SHIFT 1,52;63;117
1511;VINIL ORACAL 970M F920 BRONZE;63;117
1512;VINIL ORACAL 651M - 076 - FOSCO;63;113
1515;VINIL ORAJET 1902 1,07 x 20m;21,4;120
1521;VINIL ORACAL 970GRA 369 RED BROWN METALLIC;63;117
1522;VINIL ORACAL 970MRA 090 SILVER GREY;63;117
1523;VINIL ORACAL 970MRA 372 IMPERIAL RED PEARL;63;117
1526;VINIL ORACAL 8300 097 1,26;63;118
1527;VINIL ORACAL 8300 053 1,26;63;118
1528;VINIL ORACAL 8300 021 1,26;63;118
1529;VINIL ORACAL 8300 041 1,26;63;118
1530;VINIL IMPRESSAO INFLEX IV2200 BR BRILHO 1,37m;68,5;829
1532;VINIL ORAJET 3640M TRANSPARENTE 1,26;63;130
1533;VINIL ORACAL 970GRA 070 BLACK;63;117
1534;VINIL ORACAL 970GRA 155 INTERG BLUE 1,52;76;117
1535;VINIL ORACAL 970MRA 406 VIOLET METTALIC;63;117
1536;VINIL ORACAL 970GRA 602 GRASS GREEN;63;117
1537;VINIL ORACAL 970MRA 944 RED GOLD;63;117
1538;CATALOGO A4 - ORALITE 5510;1;150
1544;VINIL ORACAL 970GRA 464 LAWN GREEN;63;117
1545;VINIL ORACAL 970GRA 904 SILVER LAKE;63;117
1546;VINIL ORACAL 970MRA 932 GRAPHITE METAL 1,52;76;117
1547;VINIL ORACAL 970GRA 178 BALTIC BLUE 1,52;76;117
1548;VINIL ORACAL 970GRA 256 CARGO YELLOW 1,52;76;117
1549;VINIL ORACAL 970GRA 926 PYRITE 1,52;76;117
1550;VINIL ORACAL 970GRA 945 CRYSTAL WHITE 1,52;76;117
1551;VINIL ORACAL 970MRA 070 PRETO FOSCO;63;117
1552;VINIL ORACAL 970GRA 795 STEEL;63;117
1553;VINIL ORACAL 970MRA 100 SUNSET;63;117
1554;VINIL ORACAL 970GRA 988 GREEN BLUE-SHIFT;63;117
1555;VINIL ORACAL 970MRA 988 GREEN BLUE-SHIFT;63;117
1556;VINIL ORACAL 970GRA 030 DARK RED 1,52;76;117
1557;VINIL ORACAL 970GRA 934 ZINC METALLIC;63;117
1558;VINIL ORACAL 970MRA 093 - ANTHRACITE 1,52;76;117
1559;VINIL ORACAL 970GRA 020 YELLOW 1,52;76;117
1560;VINIL ORACAL 970MRA 920 BRONZE 1,52;76;117
1561;CALENDARIO ORAFOL;1;150
1562;VINIL ORACAL 970GRA 076 TELEGREY;63;117
1563;VINIL ORACAL 970GRA 031 RED;63;117
1564;VINIL ORACAL 970GRA 371 CHILI RED;63;117
1565;VINIL ORACAL 970MRA 317 AVOCADO;63;117
1566;VINIL ORACAL 970MRA 926 PYRITE;63;117
1567;VINIL ORACAL 970MRA 318 AQUAMARINE - SHIFT;63;117
1568;VINIL ORACAL 751CG 063 LIME TREE GREEN;63;115
1569;VINIL ORACAL 8300 030 - 630mm;31,5;118
1570;VINIL ORACAL 970GRA 547 FJORD BLUE;63;117
1571;FITA ORABOND 1384 1m x 50m;50;621
1575;VINIL ORACAL 970GRA 724 ICE GREY;63;117
1576;VINIL ORACAL 751CG 932 GRAPHITE METALLIC;63;115
1577;FITA ORABOND 1815 12mm x 50m;1;621
1580;VINIL ORACAL 651M - 050 - FOSCO;63;113
1581;VINIL ORACAL 651M - 051 - FOSCO;63;113
1582;VINIL ORACAL 651M - 043 - FOSCO;63;113
1583;VINIL ORACAL 651M - 041 - FOSCO;63;113
1584;VINIL ORACAL 651M - 020 - FOSCO;63;113
1585;VINIL ORACAL 751CG 415 SUMMER PLUM;63;115
1586;VINIL ORACAL 970GRA 073 DARK GREY;63;117
1587;VINIL ORACAL 970GRA 022 LIGHT YELLOW;63;117
1588;VINIL ORACAL 970GRA 123 LIGHTNING STRIKE;63;117
1589;VINIL ORACAL 970GRA 851 THUNDER BLUE-GREEN;63;117
1590;VINIL ORAGUARD 215M 1,30 x 50m;65;131
1593;VINIL ORAJET 3621G BRANCO 1,05x50m;52,5;130
1594;VINIL ORAJET 3621G BRANCO 1,37x50m;68,5;130
1596;VINIL ORACAL 970MRA 197 METAL AZZURE;63;117
1597;VINIL ORACAL 970GRA 351 COMMUNAL ORANGE;63;117
1598;VINIL ORACAL 970GRA 057 TRAFFIC BLUE;63;117
1599;VINIL ORACAL 970GRA 509 SEA BLUE;63;117
1600;MASCARA ORATAPE LT52 PAPEL F99 1,22M X 50M;61;120
1601;VINIL ORAJET 3164XG 010 1,26 x 50m;63;130
1603;VINIL ORACAL 8500 541;63;119
1606;VINIL ORACAL 8300 073 1,26;63;118
1607;VINIL ORACAL 8300 074 1,26;63;118
1610;VINIL IMPRESSAO INFLEX IV2200 BR BRILHO 1,27m;63,5;829
1611;VINIL ORACAL 651M - 562 - FOSCO;63;113
1612;VINIL ORACAL 970GRA 032 LIGHT RED;63;117
1613;VINIL ORAGUARD 200G 1,30 x 50m;65;131
1614;VINIL ORAGUARD 200G 1,37 x 50m;68,5;131
1615;VINIL ORAGUARD 200M 1,30 x 50m;65;131
1616;VINIL ORACAL 7510 037 ORANGE - 1,26x50;63;826
1617;VINIL ORACAL 7510 069 GREEN - 1,26x50;63;826
1618;VINIL ORACAL 7510 357 ORANGE RED FL - 1,26x50;63;826
1619;VINIL ORAJET 3164XM 010 1,26 x 50m;63;130
1625;PELICULA AUTOMOTIVA CA SERIES 35 1,525 x 30m;45,75;838
1626;PELICULA AUTOMOTIVA CA SERIES 15 1,525 x 30m;45,75;838
1627;PELICULA AUTOMOTIVA CA SERIES 20 1,525 x 30m;45,75;838
1628;PELICULA AUTOMOTIVA CA SERIES 05 1,525 x 30m;45,75;838
1629;PELICULA ARQ COMMERCIAL S 50 1,525 x 30m;45,75;839
1630;PELICULA ARQ COMMERCIAL S 60 1,525 x 30m;45,75;839
1631;VINIL ORAJET 3971GRA+ 010 1,37 x 50m;68,5;832
1632;VINIL ORAGUARD 290G 1,52;76;832
1633;VINIL ORAJET 3951G 000 1,52;76;614
1634;VINIL ORACAL 7510 046 PINK - 1,26x50;63;826
1635;VINIL ORACAL 7510 038 RED ORANGE - 1,26x50;63;826
1636;VINIL ORAGUARD 290GF 1,37;68,5;832
1637;VINIL ORAJET 3951G 010 1,37;68,5;614
1638;VINIL ORAJET 3951GRA 010 1,37;68,5;614
1639;VINIL ORAJET 3164M 000 1,26 x 50m;63;130
1640;VINIL ORAJET 3620G BRANCO 1,26x50m;63;130
1641;VINIL ORAJET 3621G BRANCO 1,26x50m;63;130
1642;VINIL ORAJET 3621G BRANCO 1,52x50m;76;130
1643;ESPATULA PARA REFLETIVOS;1;150
1646;VINIL ORALITE 5500 010 - 1,235m;61,75;121
1647;MASCARA RTAPE 4075 RLA 1,22 X 91,4m;111,51;831
1648;VINIL ORACAL 751CG 361 APPLE RED;63;115
1649;VINIL ORACAL 751CG 595 BLUE GREEN;63;115
1650;VINIL ORACAL 651M - 053 - FOSCO;63;113
1651;VINIL ORACAL 651M - 054 - FOSCO;63;113
1652;VINIL ORACAL 651M - 063 - FOSCO;63;113
1653;VINIL ORACAL 651M - 068 - FOSCO;63;113
1654;VINIL ORACAL 651M - 098 - FOSCO;63;113
1655;VINIL ORACAL 651M - 613 - FOSCO;63;113
1656;PELICULA AUTO BASIC SERIES 20 1,525 x 30m;45,75;838
1657;VINIL ORACAL 651M - 052 - FOSCO;63;113
1658;VINIL ORACAL 7510 029 YELLOW - 1,26x50;63;826
1659;VINIL ORAJET 3740M 1,37 x 50m;68,5;614
1660;VINIL ORACAL 651M - 042 - FOSCO;63;113
1661;VINIL ORACAL 651M - 518 - FOSCO;63;113
1662;VINIL ORACAL 970MRA 285 NATO OLIVE;63;117
1663;VINIL ORAGUARD 2815GF+ 1,52;76;832
1664;VINIL ORAGUARD 2815MF+ 1,52;76;832
1665;PELICULA AUTO WS70 PARA-BRISA 1,525 x 30m;45,75;838
1666;VINIL ORACAL 8500 005;63;119
1668;VINIL ORACAL 751CG 588 ALPHA BLUE;63;115
1669;VINIL ORACAL 751CG 044 MAGENTA;63;115
1670;VINIL ORACAL 751CG 599 TURQUOISE;63;115
1671;VINIL ORACAL 651M - 064 - FOSCO;63;113
1672;VINIL ORACAL 8500 542;63;119
1673;VINIL ORACAL 8500 006;63;119
1674;VINIL ORAJET 3620G TRANSP 1,05x50m;52,5;130
1681;MASCARA RTAPE 4885 1,22 X 91,4m;111,51;831
1683;PELICULA AUTO BASIC SERIES 05 1,525 x 30m;45,75;838
1684;PELICULA AUTO BASIC SERIES 15 1,525 x 30m;45,75;838
1685;PELICULA SAFETY 100 INTERNA 1,525 x 30m;45,75;838
1686;PELICULA SAFETY 200 INTERNA 1,525 x 30m;45,75;838
1687;VINIL ORAJET 3164XM 010 1,37 x 50m;68,5;130
1688;VINIL ORAJET 3164XM 010 1,52 x 50m;76;130
1689;VINIL ORAJET 3164XG 010 1,37 x 50m;68,5;130
1690;VINIL ORACAL 352/000/TRANSP;63;111
1691;VINIL ORACAL 970SMRA 070 - PRETO SUPER FOSCO;63;117
1692;VINIL ORAGUARD 200M 1,37 x 50m;68,5;131
1693;PELICULA AUTO BASIC SERIES 35 1,525 x 30m;45,75;838
1694;PELICULA AUTO BASIC SERIES 50 1,525 x 30m;45,75;838
1695;VINIL ORACAL 651M - 036 - FOSCO;63;113
1696;PELICULA AUTOMOTIVA CA SERIES 50 1,525 x 30m;45,75;838
1697;PELICULA ARQ COMMERCIAL S 20 1,525 x 30m;45,75;839
1698;VINIL ORACAL 651M - 066 - FOSCO;63;113
1699;VINIL ORACAL 751CG 025 BRIMSTONE YELLOW;63;115
1700;PELICULA ARQ COMMERCIAL S 30 1,525 x 30m;45,75;839
1701;PELICULA ARQ UV05 F090;63;839
1702;VINIL ORACAL 352 010 WHITE;63;111
1703;PELICULA ARQ COMMERCIAL S 00 1,525 x 30m;45,75;839
1704;VINIL ORAGUARD 215G 1,52 50 F000;76;131
1705;VINIL ORACAL 651M - 047 - FOSCO;63;113
1706;VINIL ORACAL 651M - 067 - FOSCO;63;113
1707;VINIL ORAJET 3620G TRANSP 1,26x50m;63;130
1708;VINIL ORACAL 751CG 080 BROWN;63;115
1709;VINIL ORACAL 651M - 055 - FOSCO;63;113
1710;PELICULA ARQ COMMERCIAL S 05 1,525 x 30m;76,25;839
1712;MASCARA ORATAPE MT95 TRANSP F99 1,37M X 50M;68,5;120
1713;VINIL ORACAL 651M - 062 - FOSCO;63;113
1714;VINIL ORACAL 651GRA - 070 RAPID AIR;63;113
1716;VINIL ORACAL 8300 034 1,26;63;118
1717;VINIL ORACAL 8300 049 1,26;63;118
1718;VINIL ORACAL 8300 054 1,26;63;118
1719;VINIL ORACAL 8300 063 1,26;63;118
1720;VINIL ORACAL 8300 085 1,26;63;118
1721;VINIL ORACAL 8300 216 1,26;63;118
1722;VINIL ORAJET 3164XGRA 010 1,37 x 50m;68,5;130
1723;VINIL ORACAL 651M - 061;63;113
1724;VINIL ORAGUARD 2715GF+ 1,52;76;131
1725;VINIL ORAJET 3651M 010 1,26 X 50m;63;130
1726;VINIL ORAJET 3651G RA BRANCO 1,52m X 50m;76;130
3958;WF COMMERCIAL 050;76,5;
